Comment,is_hate
যারাই হক্বের কথা বলবে তারাই শিবির🔥,1
লুঙ্গি স্পায় 😂😂,0
দাড়িপাল্লা ⚖️,0
ভাই আপনারে Dhurandar মুভিতে দরকার ছিলো,0
❤️❤️❤️❤️🔥🔥🔥🔥,0
🔥🔥,0
শিবির একদিনে গড়ে সংগঠন নয় এটি তিলে তিলে রক্ত ঘাম ঝরিয়ে গড়ে উঠা সংগঠন।,1
"নৌকা গেছে দিল্লিতে, ধানের শীষ লন্ডনে । দাঁড়ি পাল্লা দারিয়ে আছে মাতৃভূমির কল্যাণে।   তারুণ্যের প্রথম ভোট, দাঁড়িপাল্লার পক্ষে হোক  👌👍",0
অনেকটা হলিউড স্টাইল,0
❤️,0
Jokar,0
😅😅😂😂😂,0
জায়গা মতো দিয়েছে,0
"আবাল????সঠিক এবং সত্য কথা বললেই সে শিবির,গুপ্ত???? তাহলে ১৭বছর পর দেশে আসলো সে কি???????",1
Right,0
বাঘ সম সময় গুপ্ত হয়।  কুকুর সব সময়?,0
Online ki koren vaiya,0
👍👍👍👍,0
সেই ভাই,0
❤️🔥,0
মুভিতে ভিলেন হিসেবে ভালো মানাবে,0
মানুষ মাত্রই শিবির,1
সালমান সেরা রেহ,0
Pure villain look ashce,0
😂😂,0
সত্য কথা বললেই যদি শিবির হয়ে যায় তাহলে আমরা সবাই শিবির,1
😂😂😂,0
শিবির মাদকাসক্ত নাউটো সংগঠন নয় 😑,1
Voy paisi,0
Salman Mohammad Muqtadir  ভাই আপনাদের নিজস্ব ভাগ্যবান এত ভাল একটা দলের গুপ্ত শিবির আপনি চান্দাবাজ দলের কেউ তো না,1
Shei hoise😂😂,0
xoss,0
😁,0
ভাই আপনিও শিবির। তবে কি ২এ ২এ ৩হলো,1
ওকে,0
Shafat Hussain Dewan Muntasir Rahman Swapnil,0
জামাত,0
আমিও গুপ্ত শিবির 😁😁😁,1
Bro bar gular dayitte k ase akhon?,0
"আওয়ামীলীগ তো নাই, বিএনপি মনে হয় মোটা অংকের টাকা দিছে এই ভিডিও করার জন্য 😡😡😡😡",0
MD RuMel 😂,0
#JusticeForHadi,0
ভাই😂,0
একটা কথা ক্লিয়ার শিবির হকের দল!!! কারণ ফ্যাসিস্টের আতংকও ছিলো শিবির।,1
Why do you always look Cool brother?,0
Kois na bhaaiii kharaaa,0
হোয়াট ইজ শিবির!😁,1
আবাল,1
Tumee akhan ginish 🙂,0
ঠিক,0
"দুর্নীতি, চাঁদাবাজ, সন্ত্রাস ও ঋণ খেলাপি",0
😂😂😂😂,0
"জোস হয়েছে ভাই 😂😂😂 আপনি অভিনয়ের জন্য সেরা,,",0
😂💯,0
Bot bahini,0
😮😮😮,0
#গুপ্ত #খানকির #পোলা #শিবির 😂,1
Rogh kata 🌚,0
"আমরা কোনো দলের না,আমরা সাধারণ মানুষের কণ্ঠস্বর।অন্যায়ের বিরুদ্ধে প্রতিবাদী খবর পেতেসাথে থাকুন দৈনিক ধ্রুবতারা",0
"রাজাকার,বদর,আল-সামসের দিঁন শেঁষ,,,,!",1
🤣🤣,0
Marvels,0
😮😮😮😮😮,0
McQ??!!##,0
একটু মোটা হইছো ভাই,0
Video dekhe Mone hocche terrorist er moto acting kortache 😂😂.Don't mind gupto sibir🖖🏻,0
ভাই আমি শিওর একদিন আমি আর আপনি এক কারাগারে বসে আড্ডা দিবু 🤣,0
💥,0
right,0
যে উচিত কথা বলবে সেই মূলত শিবির।,1
Sindeed Arfan,0
Bnp dalal,0
Hahha,0
সেরা ভাই সেরা,0
🔥🔥🔥🔥🔥,0
Right Bro❤️‍🩹,0
You are Acting omg ❤️,0
১০.৪ মিলিয়ন ডান,0
শিবির করলে ভালো হয় তোমার জন্য 🔥,1
😂,0
Salman,0
😅,0
Absolutely perfect,0
পুরাই শিবির,1
Darun content 🤣🤣🤣,0
এইটা সেই সেই!,0
শিবির হওয়ার কপাল সবার হয়না ভাই।,1
I used think that you're also part of Meticulous Design (Gupto Shibir) but you're another level! 😂,0
🤣🤣🤣,0
Mollah Corporation 😜😜😜😁😁,0
🙂,0
আপনি আসলেই একটা jenious,0
Muvie te tare manave balo,0
.....,0
Rajakar er bij shibir,0
SH AG OR 🔥,0
উচিত কথা বললেই সে শিবির হয়ে যায়।,1
সেরা🔥,0
সাকিব ভাই আপনি আবার ক্রিকেটে বেক করেন দেশের মাটিতে,0
"রাজনীতি সোদাও। এত সুন্দর ক্রিকেট ক্যারিয়ার ছিল! নিজের পায়ে নিজে কুড়াল মারছো এজন্য আর দেশে আসতে পারো না, যেমন কর্ম তেমন ফল এখন ভোগ কর",0
ভাই আসেন।  আপনি যে দল করেননা কেনো সবাই আপনার পাশে আছে।,0
ইনশাআল্লাহ ধন্যবাদ Shakib Al Hasan ভাই জয় বাংলা জয় বঙ্গবন্ধু ⛵✊🏼🔥🔥,0
ইনশাআল্লাহ,0
আপনার অপেক্ষায় কোটি সাকিবিয়ান,0
💛🤍,0
Follow to Follow Follow to Follow,0
❤️❤️,0
ভাই আপনাকে অনেক মিস করছি ❞ কবে আসবেন দেশে?,0
আপনার অপেক্ষায় পুরো ১৮ কোটি মানুষ.... 🙏🥹,0
আপাকেও নিয়ে আসেন,0
আপনি একজন ক্রিকেটার তাহলে আপনার রাজনীতির ভিতরে জড়ানোর কি দরকার ছিল আপনি রাজনীতি ছাড়াও আপনার অনেক পরিচিতি আপনি হয়তো বুঝতে পারছেন তবে অনেক দেরি হয়ে গেছে,0
"যত গঠনমূল্য কমেন্ট আর ভিডিও, ততো বেশি এনগেজমেন্ট - আর এনগেজমেন্ট বাড়লে ফলোয়ার তো নিজের থেকেই আসবে ১০০% সত্য!",0
সাকিব বাই লাভ  ইউ,0
Shakib vii dakhen ki kora jai,0
❤️❤️❤️❤️,0
"এই পোস্টে যে যে হা*হা রিয়েক্ট দিয়েছে তারা সবাই, শালা*র পোত,,",0
Miss you boss 75,0
Dur halar hut hala,0
Rait,0
Apni astei hobe Bangladesh 🥲Joto valo player asuk na kn doleApnr  moto keu  nai Onk miss kori vai apnake,0
অলরাউন্ডার মনে হয় এই রকম ট্যালেন্ট হয় boss 75❤️.... পুরাই ঘ্যাড়তাড়া 🥰,0
😌❤️‍🩹,0
"ইনশাআল্লাহ,, আপনি দেশে আসবেন,,,শেষ টা জেন আপনার সুন্দর হয়,,😔🙂",0
ইনশাআল্লাহ❤️,0
লাগা জুয়া,0
ইনশাআল্লাহ 🥰🥰,0
"শালা পাল্টি খাওয়ার সুযোগ খুঁজতেছে,১০০%",0
আপনি ফিরবেন বীরের বেশেই ফিরবেন ইনশাআল্লাহ,0
ওর রাজনিতি করার একটাই ধান্দা ছিলো.. টাকা কামানো.. সে করবে মানুষের সেবা🤣,0
তোমার জন্য সারা জীবন দোয়া থাকবে রইবে তোমাকে দেশে আসতে যারা বাধা দিছে তাদের একদিন পতন ঘটবে ইনশাআল্লাহ বস তুমি অতি তাড়াতাড়ি লাল সবুজ জার্সিতে ফিরবে,0
🫡💪,0
"তোর জন্য লানত কুত্তার বাচ্চা, তোর কোন অধিকার নেই লাল সবুজের জার্সি গায়ে দেয়ার",1
Apni asen bqki gulo amra dekbo,0
দোয়া ও ভালোবাসা রইলো,0
আপনার ফেরার অপেক্ষায় বস,0
সাকিব  ভাই এই মুহূর্তে বাংলাদেশ টিম নিয়ে একটি পোস্ট করবেন আশা করি খুব খুশি হব ধন্যবাদ,0
Please come,0
Sha75,0
হাজারো শহিদের রক্তের দাম চুকিয়ে তাত পর দেশে আসার নাম নাও,0
দোয়া ও ভালোবাসা রইলো বস 💞💝,0
আবার জুলাই আগস্টে মানুষ মারতে রাজনীতি করতি?????,0
দোয়া ও ভালোবাসা রইলো,0
Suborno Azad Ananta 😁 sujug diva,0
আহো ভাতিজাবুইড়া বয়সে তুমিই খেলো নতুনরা *ল ছিড়ুক।তুমি শিউর এবার বিশ্বকাপ নিবা।,0
In Sha Allah ❤️❤️❤️❤️❤️❤️,0
রাজনীতির মাধ্যমে সবচেয়ে সহজে দেশের জন্য অনেক কিছু করা যায় কারন সংসদ এ আপনার একটা চেয়ার থাকলে আপনি দাবি নিয়ে একটা আবদার করতে পারবেন আর যদি সংসদ এ আপনার একটা চেয়ার না থাকে তাহলে এমনি আবদার করতে পারবেন তারপর যদি সরকার আপনার আবদার রাখে তো ভালো আর না রাখলে কিছু করার থাকবে না তাই দেশের মানুষের জন্য কিছু করতে হলে সংসদ এ আপনার একটা চেয়ার জরুরি,0
"লিজেন্ড আননে আইসা পড়েন দেশে কোন হেডা কি করবো দেইখা নিমুনি, আমরা যেগুন আপনার ভক্ত আছি হেগুনরে তো আননেরে লাগতো নো 🖤সাকিব 75 আননে ছাড়া বাংলাদেশের ক্রিকেট পূনতা পাইতো নো 😊",0
আহো চাতিজা 🫡,0
বাংলাদেশ সারা জীবন মনে রাখবে,0
A day well spent in Toronto👏🏻,0
Come back Caption,0
🥰,0
আপনাকে অনেক মিস করি ৭৫❤️❤️❤️🇧🇩,0
🥰🥰🥰,0
"Boss75,🫶❤️🌚",0
🌸 Paperra Art এ পাবেন handmade paper flower ও aesthetic wall décor এর সুন্দর collection ✨ঘরের দেয়ালকে আরও সুন্দর ও colorful করে তুলতেই আমাদের ছোট্ট আয়োজন 💖Custom order ও delivery available 📦পেজটি Follow দিয়ে পাশে থাকুন 🌷,0
"ইনশাআল্লাহ ভাই ☝️ দোয়া ও ভালোবাসা রইলো ভাই,,  জয় বাংলা জয় বঙ্গবন্ধু ✊",0
Hmm,0
willcam sakib Al hasan,0
রাইট,0
অপেক্ষা ভাই🫶,0
"সাকিব একদিন আসবে, হয় রাজনীতিবিদ হয়ে,নয়তো ক্রিকেটার হয়ে❤️",0
"সাকিব আবার দেশে আসবে, রাজার মতো ফিরবে.",0
King of Bangladesh,0
ভারতের দালাল খেলবে তাও আবার দেশের হয়ে 🤣🤣,1
ইন ভাইয়া,0
"Insha""allah",0
Insha allah,0
Hoga mara kha shala bokachoda bainchot,0
Best wishes to you 🖤Dady of all rounder in tha world,0
Waalaykumassalamwarahmatullahi wabarakatohu,0
Tor moto fasist awamileag ar kono dorkar nai bangladesh ar...awamileagar mane indian so tor moto indian amader desh ar hoye kelar dorkar nai.,0
"সমালোচনা থাকবে, বিতর্ক থাকবে… কিন্তু Shakib Al Hasan নামটা ইতিহাসে সোনার অক্ষরে লেখা থাকবে 🇧🇩শেষটা যেন হয় গর্বের, সম্মানের, আর একটা হাসির—এইটাই চাই ❤️",0
"তরে এদেশের মানুষ আর পুট*কি মারেনা,  তুই খুনি হাসিনার সাথে হাত মেলানো এক বেজন্মা",1
জয় বাংলা,0
I miss you boss,0
দেশদ্রোহী দেশকে আর কি দেবে?,0
"লাল সবুজের জার্সি পরে আপনাকে জেলে দেখতে চাই, ভাইয়া ❤ (2)",0
যি সত্য কথা বলেছেন,0
Insah allah,0
তুমি সান্ডার আর কোন প্রয়োজন নাই,0
"আপা আসুক, তখন আপনি আর আপা দুজনে মিলেই রাজনীতি আর ক্রিকেটের মাঠে নামবেন।",0
Aho vatija aho,0
ইনশাআল্লাহ ভাই আপনি ফিরবেন❤️👍,0
ভালোবাসা❤️‍🩹Shakib Al Hasan bhai amr🤍,0
🫡 boss,0
"আসসালামু আলাইকুম সাকিব ভাই, ভাই কেমন আছেন, আমি একজন ফাস্ট বলার, আমার বয়স ২২ চলে আমি কি এখন ক্রিকেট এ যুক্ত হতে  পারবো, আপনি যদি একটু হেল্প করতেন ❤️‍🩹",0
Bhai seriously 😹,0
Ok thik hai 🫣,0
Meanwhile salman vai always ready for the blast🔥,0
এই গানম্যান সেই গানম্যান নয়😁,0
"বন্দুক প্রোটেক্টেট হইলে,,,,,তো বন্দুক দিয়ে গুলি বের হবে না,,,,,,,,,,শিহরণ জাগানো উপদেষ্টা 😆",0
"গান ও তোমার কাছে আছে, ম্যান ও তোমার কাছে আছে শুধু প্রটেকশন নিলেই হবে।",0
Jisan Ahmed  bro do you have enough protected,0
Bullet proof  Salman Mohammad Muqtadir,0
"ভাই এইটা ভালো ছিল। ""শিহরন বিষয়ক উপদেষ্টা""",0
Milon Mahmud protect korte gele kun flavour lagiye rakte hobe😁,0
Bro need more promotion 's it’s about 14th February 👻,0
শিহরণ এ আস্থা শিহরণ এ ভরসা।।,0
Salman Mohammad Muqtadir vai ekhn serious😎🫡,0
Condom ki bulletproof?🥹,0
"Srs Sohanur Rahaman Bhaiya, SMM ke dekhle ken jani shudhu apner moto lage!!🤔",0
Brand ki bro????,0
শিহরণই আসল আনন্দ,0
ভাই আপনি নিজেই একটা গানম্যান🔥😊,0
Bondhuk er bullet power koto bhai?,0
পদ দেখে দাঁড়িয়ে গেল,0
পদবি দেখেই আমরা শিহরিত 🫡,0
"যাই হোক, ব্যাপারটা না বুঝলেও কিছুটা শিহরণ অনুভব করলাম।",0
সেরা ভাই সেরা😂,0
গানের বুলেট কোনটা বের হয়?,0
Amra to jani tumar gan onek lomba and big tumar ganmen lagbe nahh 😁,0
bro is always Roks.......,0
বন্দুকও প্রোটেক্টেড🙂,0
আর আমি উত্তেজিত 😌,0
আপনি তো আমারে টেনশনে ফালাইয়া দিলেন👀,0
Vai er Rocket o protected 🙂🙏🤝,0
পদ টা ভালোই হইছে সেরা উপদেষ্টা 🤣🫡,0
Rubber Bullet 🙂,0
শিহরণটা কি একটু বুঝিয়ে বলবেন??,0
সেই লেভেলের মার্কেটিং রে ভাই!,0
"Sensational Cond*m, Jaguk Sihoron🤣",0
রিয়েল হিরো🤔🔥🔥🔥,0
That bonduk was epic vhaia🤣🤣,0
ভাইয়ের পদবি দেখে আমি নিজেই শিহরিত🥴,0
Powerful words man 💥💥💥🔥🧍‍♂️ সালমান মুক্তাদির,0
আরো একবার গর্জে উঠুক শিহরণ,0
শিহরণ !,0
নিউস দেখে শিহরিত হয়ে গেলাম ভাই!😶,0
ভাই সেরাহ😂,0
Your protection is much better than a gunman😬,0
এই মুহূর্তে দরকার মুক্তাদিরের সরকার,0
Winter r summer nai always  protectives🤭,0
"Yes, tiger condom fully protected",0
Bruh is a tiktokerrr from 2007!💩,0
কথার জোরেই প্রোটেকশন যথেষ্ট 🔥,0
Salman Mohammad Muqtadirvaye j Ki jinish tumra janle finish🤣Love you bro🫡,0
o vaiii serraaa🤣,0
Ballistic missile protect Salman Mohammad Muqtadir 😁,0
Protected with rubber grip.,0
next level ভাই❣️,0
"অবশেষে Muqtadir ভাই আমার আশা পূরণ করলেন,জয় কংডমের জয়👄",0
বস পদবী টা ভাল্লাগছে🤣🤣,0
Kintu Vaiyee apni toh ekhane nijei Gunman? Protagonist-antagonist toh nijei. Double role. Duniya gol.,0
পদবীটা ভয়াবহ ছিল 🤔😅😆,0
rubber bullet?,0
আসল পুরুষের প্রোটোকল লাগে না!,0
"ভাই আপনার প্রোটেকশন লাগবে নাহ বরং আপনার থেকেই 👩‍🦳 প্রোটেকশন দরকার, U r our Imran Hasmi❤️‍🔥",0
Ek round a koita bullet?,0
ক্যাপশন!😅😂,0
আর আমি তো নিজেই গানম্যান,0
কি বিষয়য়ক উপদেষ্টা যেন? 😬,0
গান ম্যান এর দরকার নাই আমাদের মেশিনই যথেষ্ট 🫣😆,0
Protection er bepare Salman Mohammad Muqtadir vai always protected 👀,0
ভাই তো গর্জনেই শিহরণ 🫡,0
ভাই অলয়েজ প্রোটেক্টেড🤣,0
ন‍্যায় ও ইনসাফের প্রতীক দাঁড়ি পাল্লা।,0
Salman Mohammad Muqtadir bhaiya ❌                                                    boss✔️,0
Oil without boil,0
অবশ্যই মেশিনের নিরাপত্তা সবার আগে 🌚,0
Look at the date bhai🙌Genius.,0
Designation ta xoss chilo bro. Salman Mohammad Muqtadir,0
Rubber prof boy Salman Mohammad Muqtadir 🤣,0
শিহরণ জাগরণ 😂,0
আসল পুরুষ- হিরো🥴,0
"ভাই,তুমিও পারো বটে 🤣ক্যাপশন টা যোশ ছিলো! 🤣",0
নেতার কথায় যুক্তি আছে😅,0
You protected by SHIHORON🤣,0
ভাই সেরা😄😄,0
ভাই সেরা দিচেন,0
আপনার ইয়ার গানের কি ধরনের প্রোটেকশন ব্যবহার করেন  ভাই?,0
Savage salam vai 🤣🤣,0
Shehoron bishoy uppodeshta 😆😆😆 ai ta best. Salman Mohammad Muqtadir  bro you earned it 🫡,0
He use helmet every night,0
Ismail Nahid Bhai amader icon peye gesiiiii,0
Extra dot chocolate gun 😐,0
Vai mone hoy Tiger er protidhondhi☠️,0
Fire 🔥 On 🤘🏻😎,0
সেরা সেরা 😃,0
🙂 1+1=2 Vai marketing king 👑,0
আমরা এমনি বন্ধুক নিয়া ঘুরি..কেউ লাগতে আসলে ঘন্টার পর ঘন্টা শিহরণ যুদ্ধ চালিয়ে যেতে পারি।।,0
"When you don't have the ability to have a child on your own, which is why  brother is already protected. 🙂🙂",0
আপনার শিহরণ ছড়িয়ে যাক দেশজুড়ে 🙂,0
Using trends in marketing. I wonder about the hard work and efforts he kept behind his experience. Emnei shob hoye jay naBest wishes for u.,0
তার মানে সালমান ভাই নিচে সব সময় হেলমেট পরে থাকেন,0
ছেলেদের আলাদা গান লাগে নানিজেদের গানই যথেষ্ট,0
“যদি পারতাম ধরে রাখতাম” না মানে এমনিই বললাম 🙂(Cmnt ti vaiyader jonno),0
এটা কি,0
ষিহ এসব কি 🫣,0
জারজ,0
🔥🔥🔥ahare sonago amar,0
durex e shera 😒,0
Only u & mee👄,0
সঠিক মানুষ দিয়ে সঠিক এড 😂,0
Boss 😵‍💫🫶,0
ইশ Salman Mohammad Muqtadir 🙈😌,0
“যদি পারতাম ধরে রাখতাম” না মানে এমনিই বললাম 🙂(Cmnt ti vaiyader jonno)😀😀,0
সালমান এর জন্য বেস্ট ব্রান্ড কোলাবোরেশান 🔼🔼,0
হ ঠিক আছে এডা তোর দ্বারাই সম্ভব😂😂,0
মাথায় একটা হেলমেট থাকলে আরো ভালো হতো🤣,0
#NAME?,0
শেষে কনডম ক্রিয়েটর 😂😂,0
Video No....Ads Yes...! 😀 Salman Mohammad Muqtadir 😂,0
ভাইয়ে কনডম ব্যাবসা শুরু করছে🫠,0
obosese c**,0
কমেন্ট বক্সে দেখি সব মেয়েদের সমাহার 🙄,0
Vai k kintu valoi manay sob kichute... 💥👌,0
"Vai,,Apnare cream sape korle valo lage na",0
😜,0
এই সালায় তো নিজে চু** খাইবো দেখা যায়🤣🤣,0
এতো কি থাকতে এই কনডোম এর প্রোমোট করলেন 😂🤣,0
Aisob vlo nah🙈🙊,0
সালমান ভাইয়ের মার্কা ক*ন*ড*ম মার্কা,0
Pulak Ahmed Sha-won tor idol😅,0
WTF?,0
শেষ পর্যন্ত এই কাজ করতে হলো......? 🙂,0
Bangladesh e shob somvob😂,0
ব্রান্ডের চকলেট!😂,0
vai add sheshe apnare koyta diyeche ba niyechilen?,0
Bro 🤣😂,0
"Vai majhe majhe madr""""cod giri kore",0
😂😂😂😂😂😂😂😂,0
ki smile re baba 😂,0
Chhii..শেষ এ কমটম এর বিজ্ঞাপন এ,0
এটাই বাকি ছিলো 🙂,0
এ গোলা কি,0
ভাই আপনার হাসি থামাইছেন কিভাবে,0
ভাই টাকার এতোই অভাব হয়ে গেছে 🙂,0
তোমার অভদ্র মনে ভদ্রতা মানায় না বস 😁,0
Rafsan the ChotoBhai Jaya Ahsan Shammi Islam Nila apnara kisu bole jan😂,0
প্যাকেটটা যেনো কোথায় দেখেছি🤔মনে হয় ফার্মেসিতে🤭,0
idol,0
Salman x Sensation ❤️‍🔥,0
সেরা বিনদন😂😂,0
He fu**d that song,0
বদমাইশ ভাল হলি না,0
কন্ডোম ব্যবহার করেই একনো তুমি বাবা হতে পারোনাই সালমান 🫦,0
🍓,0
MD Mamun Neon Ahmed,0
Akib Hassan Khan Muhammad Shariar Rifat Asif Ahmed 🤣,0
Ami and amar gf. Ami engineering student and o medical student. Searching place to have some private space.,0
Ore Salman re 😂,0
Bad boy,0
Good boy 🙂,0
এটা দিয়ে কি ভাবিকে ডুকাও? মজা লাগে??🥶,0
Ki vai egula?,0
😂😂😂❤️🔥,0
TI Efti 🔥,0
Jibone eita ads o influence der theke dekha baki chilo🙂,0
Strawberry 🍓🍓🍌,0
সেই হইছে😂🔥,0
"eh, EH?!bhai, bad boy hoye gelen naki abar?",0
Use of umbrella is a great idea.,0
দারুন সুভাস 😂,0
পেত্নী আর কিছু পাইলি না।,0
এটা পরিয়ে দেখালে ভাল হতো আজাইরা,0
সিটি নির্বাচনে সালমানের কলা মার্কায় ভোট দিন🙄🙊,0
Bahhhh🙂,0
Vai tore ei ad ta tey joss manai trust me ( cz u r a romantic boy),0
Vhai apnr bow kisu bole nah etaw ki promotion?,0
Imam Hasan Asif,0
sobai ei product ta use koiren nahole video er ei tar moto ekta chele pouda hoye jaite pare,0
ছাতার সাথে মাথায় একটা হেলমেট পড়ে নিলে বেস্ট হতো ভাই🤐,0
ফালতু,0
"Vai eita ki ad chilo na, apnaer cinematic video shut😂",0
ধনে পইড়া ট্রায়াল দিয়া দেখাইতা ব্র,0
Salary vhalo oibo na😂😂,0
খাটাস একটা,0
ata ki type ad 🤔🤔,0
বাহ চুদির ভাই বাহ,0
patha!,0
🙂🙂🙂,0
Kharap manush ke diye to khrp add korabe aitai normal👀👍,0
"এটা কিনলে কি, সাথে ছাতা ফ্রি নাকি 🤣🤣",0
Who is ur tg?Rural mass people?,0
brother use korso je feedback ￼ta daw,0
Tmr bou ase jantami na,0
এটা কী 🙂,0
Con**m marka😂,0
সালমান ভাই এর সাথে এটাই যায় 😆😆😆😆,0
😂🤣😂,0
আমিন,0
আচ্ছা বাংলাদেশ তরুণ রা রাজনৈতি আসা উছিত হবে এদের জীবনি পড়ে রাজনৈতি করার খুব ইচ্ছে তৈরি হচ্ছে,0
একজন খুনি কেমনে জান্নাত পায়,0
বিনম্র শ্রদ্ধা।,0
বিনম্র শ্রদ্ধা..!!🖤🏴,0
বিনম্র শ্রদ্ধা,0
আমিন🛰️🌹🇧🇩🌹🛰️,0
"‌বিনম্র শ্রদ্ধা, জয় বাংলা জয় বঙ্গবন্ধু",0
নির্বাচনি,0
খুনি,1
বিনম্র শ্রদ্ধা জ্ঞাপন করছি।,0
জারোজ,1
তুই জীবনে দেশে আসতে পারবী না,0
খানকি পোলা,1
🥲,0
🇮🇳🇮🇳🇮🇳🇮🇳,0
খবিস,0
🥰🥰,0
"কমেন্ট মানেই শুধু কিছু শব্দ নয়,এটা হৃদয় ছুঁয়ে সম্পর্ক গড়ার এক সুন্দর সেতু।ভালো কথার মধ্যেই লুকিয়ে থাকে শক্তিশালী এনগেজমেন্টের শুরু। ✨💬🌿✅💯",0
তোমাদের মধ্যে কেউ যদি নিজের কল্পনা ও বাস্তবতা দেখে সুন্দর কিছু লিখে প্রকাশ করতে চাও তাইলে আমাদের ক্যাপশন গুরুপে ঢুকতে পারো,0
বাল যোদ্ধা তোফায়েল আহমেদের মৃত্যুতে একটা হয়ে যাক স্যাড সং 😁,1
সে একজন হত্যাকারী,0
Amin,0
ইন্নালিল্লাহি ওয়া ইন্না ইলাইহি রাজিউন,0
যে মানুষগুলোর লাল সবুজের পতাকা পাইছে বাংলাদেশ তাদের সকলের জন্য দোয়া রইল আল্লাহ যাতে জান্নাত নসিব করে 🤲🤲,0
আমিন🤲,0
Love you boss 💐💐,0
khuni,0
💖💖,0
Joy bangla,0
দোসর,0
মাশরাফি হুইপ,0
👍,0
যতো কমেন্ট ততো এনগেজমেন্ট- আর এনগেজমেন্ট বাড়লে ফলোয়ার এমনিতেই আসবে✅,0
"ক্রিকেট তো উসিলা, আসল উদ্দেশ্য তো ক্ষমতা আর কোদাল দিয়ে টাকা খোঁড়া! 💰🏏এতদিন যারা দেশপ্রেমের গল্প খুঁজতেন, তারা এবার চোখ খোলেন। রাজনীতি, দালালি আর স্ক্রিপ্টেড ড্রামা—সব এক ফ্রেমে! দেশের জার্সি গায়ে দিয়ে যারা শুধু ব্যাংক ব্যালেন্সের হিসাব বোঝে, তাদের আসল রূপটা কেমন? 😉",1
কিরে আচুদা জুয়াড়ি তোর দুই বাপেরে দেইখ্যা তো গে মনে হইতাছে।তোর বাপ ২ডারে দেইখ্যা মনে হইতেছে একটা আরেকটারে চুম্মাইব এখন।,0
২ বাপের অবৈধ সন্তান জুয়াড়ি বাইঞ্চোদ সাকি বাল।,1
মুজিব সৈনিক কখনো মরে না অমর হয়ে থাকেন হয়তো কারো হৃদয়ে।,0
"শুভ সন্ধ্যা। বাংলাদেশে একটি নতুন ওয়েবসাইট চালু হচ্ছে। যারা অ্যাফিলিয়েট মার্কেটিংয়ে আগ্রহী, তারা ইনবক্সে যোগাযোগ করুন।",0
জয় বাংলা জয় বঙ্গবল্টু,0
মাঠে একদিন এর বদলা হবে,0
আমিন।,0
"Shakib Al Hasan ক্রিকেটার নাইম হাসান কে পুলিশ এভাবে হেনস্থা করল, এতে আপনার একটা প্রতিবাদমূলক পোস্ট আশা করছি।",0
গু*য়া মারা গেছে,0
বিনম্র শ্রদ্ধা 🖤,0
"দেখতে নমরুদের মতো,",0
🖕🖕,0
জয় হোক সাকিব ভাইয়ের জয় বাংলা জয় বঙ্গবন্ধু জয় হোক বাংলাদেশ আওয়ামী লীগের,0
🫂🫂🇦🇷🫂🇦🇷,0
মরে গেল জঙ্গি সুকুন,1
❤️❤️❤️,0
"কিংবদন্তির মৃত্যু হয় না , তারা সময়ের সীমা পেরিয়ে স্মৃতির আকাশে চিরন্তন তারার মতো জ্বলে থাকে, প্রজন্ম থেকে প্রজন্মকে আলো দেখায়।",0
"যতই তেল মারামারি করেন না কেন প্রতিটি মানুষ তার কর্মের ফল ভোগ করবে। হোক সে সাধারণ / অসাধারণ ব্যক্তি, রাজনীতিবিদ / অরাজনীতিবিদ।",0
কাউয়ার দুয়াতে ডাউয়া পাকে না,0
ভোলা গর্ব,0
তার বড় বড় অপরাধ গুলো আপনার চোখে পড়ে না??,0
nohuton pojormer arek name .......................sahakib al hasan❤️,0
ইয়া আল্লাহ তুমি তাকে জান্নাতুল টুঙ্গিপাড়া দান করো আমিন,0
K kake lagabe?,0
To good bro✌️,0
when father in law saw u the heir..by law with law.. Both way u r the son meet daddy pro max 😎,0
I'm brown mermaid without tail What is the procedure to join here 🙂🤝🙂🐞,0
Bro Rs fahim re niya kichu bola drokar bole mne hoy na?,0
আসল নকল কোনজনা?,0
সালমান মুক্তাদির ভাইয়ের ট্রান্স*জেন্ডার ভার্সন   🥸,0
"""Sudan 🇸🇩 "" ✊",0
🥴🤣,0
Nice,0
Cute,0
A strong step father and a strong step son.,0
সমঝোতা 😅,0
"Extraordinary—whether new or old,Friends do not have to be understood separately…Because friends are not just people,Friends are an invisible bond of relationship.Friends mean laughing together,And the right to be angry without hesitation.Friends mean understanding even if you don't say it,Being there even if you are silent.Friends mean sharing happiness even if you don't call,And sharing sadness without asking.Equal happiness, equal sadness—Without any calculation, without any conditions.Friendship is not actually time,Friendship is the name of feelings—Which is yours even if it is new,And never gets old even if it is old.",0
How ?,0
"একজন কাব্যিক সালমান,আরেকজন সাব্যিক মুক্তাদির।",0
Salman bro! Is this a joke or are you serious?,0
Jumael Hossain,0
মনে কাজে যেন বাশ দেওয়া হবে,0
Only salman can do it...  ❤️‍🔥,0
সালমান মুক্তাদিরের বাপ চাচা,0
Salary range should be higher,0
Father math Teacher son physics teacher 🤣🤣,0
🤝,0
"Hoten salman, Soken Muktadir",0
একজন স্যার আরেকজন ষাড় ! 😑,0
Faahhhhhh,0
Heil Salman Bhai ✊🏻,0
যখন যে দল আসেসেই দলের সুবিধা বাদী।।লেওড়া।।,0
"একজন সালমান, একজন মুক্তাদির🥴ব্যাস ল্যাটা চুকে গেল😁",0
Done🤝,0
Im surprised nobody's talking about The Office reference 😭,0
aisalaaaaaa 🔥,0
No 1 All rounder,0
Apnare Boss paile ar ki lage😁,0
Seme same but where the difference¿‽,0
Young Salman meets old salman,0
Its exactly like them pictures of Shahrukh Khan which young Shahrukh Khan meets the new Shahrukh Khan and they look totally different,0
Eta ki Chilo Salman Mohammad Muqtadir Bhai😆,0
Now you look like an NSU Business School alumni,0
Best of the best. Salman Mohammad Muqtadir bhai❤️,0
চালকুম ভাই চালকুম 🥴,0
Good to see you both 😀😅😀,0
লেওয়া দুইখান,0
"Kam da jani ki? Mane sign in na korle dekha jay na to detail, comments e O kichu naiEktu bole diyen kew",0
"To be good in life, you have to hunt a lot.☹️",0
চুদলিং পং,0
I'm excited to see what Brownfish Army is all about,0
"ভাইয়ে একটা টাক মাথার সালমান ও চাই ,  Salman Mohammad Muqtadir",0
"Step Daddy, Step Son 😜Waiting for Step mom 🫣",0
"Salman Mohammad Muqtadir ভাইয়ে, প্রথমে মনে করছিলাম, ইলন মাস্ক আর সাথেরটা ইলন মাস্কের ছোট ভাই সালমান মাস্ক 😑😑",0
পিনাকী ভট্টাচার্য স্যার,0
#NAME?,0
Same Same but Different 🙂,0
"মামুর বেটা ,,একদিকে জামাত-শিবিরের যন্ত্রণা  আরেকদিকে জ্বালায় মামুর বেটা,, শান্তি নাইরে",1
Äñ T Ør,0
রাজাকার বাহিনী,1
😁😁,0
No one is looking like you 😂,0
আসসালামু আলাইকুম ভাইজান আপনি কি শুনছেন আরএস ফাহিম ফাহিম বাংলাদেশে আসছে এই খানকির পোলারে কিছু বলবেন না ভাই,1
Bandor da koi,0
ভন্ড,0
Good,0
Niks Indian,0
I have always dreamed to work with you. let's see how far I could approach you.,0
Duble part,0
বিদেশিদের সাথে হাত মিলিয়ে কি প্রমাণ করলেন? ধুর আপনারে বয়কট করলাম 😒,0
Abar ki😒,0
Bro 🥸,0
মুক্তাদি! ❤️,0
2 tai 😆,0
The office!  😐,0
Bro do you say anything about last night,0
The Brownfish Army,0
And who is meeting who?,0
Salmanstien meeting Salman Gets,0
মাশাআল্লাহ 🌻🌻🥰,0
Goat,0
দেশের শাসন ব্যবস্থাও সেইম,0
Bhaii apnr post e comment kortew voyy lage kokhon kii reply diye felen🙂🙂,0
Faaaaa,0
joker 😁,0
প্রিয় সালমান মুক্তাদির ভাই আপনি বেরিস্টার সুমন ভাইর মুক্তির বিষয় কিছু বলেন।কোন কারণে তাকে এত দিন জেলে রাখা হয়েছে 😢😢,0
একটা হইল সালমান ভাইয়ের দাদু  তার পাশে চাচ্চু 🤣🤣🤐,0
",😂",0
সলামান ভায়ের নিজের বাচ্চা দেখতে চাই।,0
gob gob gob😁😹,0
সাকিব আল হাসান 🏏🫀🇧🇩,0
বাংলাদেশ জান বাংলাদেশ প্রাণ সাকিব আল হাসান,0
"Assault on Nayeem Hasan by PoliceThe IncidentOn the night of Friday, June 12, 2026, cricketer Nayeem Hasan arrived in Chattogram from Dhaka after participating in a match. While returning home from the airport via a CNG-run autorickshaw, his vehicle was stopped by police at the toll plaza area of the Lalkhan Bazar flyover in Chattogram city.Assault and HarassmentNayeem Hasan alleged that despite identifying himself, Sub-Inspector (SI) Shafiqul Islam of Khulshi Police Station, Constable Russell, and a police source named Sohel dragged him out of the autorickshaw and assaulted him with sticks and pipes. He was then taken to the police station, where he faced further harassment. He was eventually released following the intervention of Bangladesh Cricket Board (BCB) officials.Legal ActionFollowing the incident, Nayeem Hasan’s brother, Sabbir Hasan, filed a case at the Khulshi Police Station, naming SI Shafiqul, Constable Russell, and the police source, Sohel, as defendants.Administrative MeasuresIn response to the incident, SI Shafiqul and Constable Russell were initially withdrawn (closed) to the police lines and subsequently suspended from duty. Additionally, the police source, Sohel, has been arrested. The Chattogram Metropolitan Police (CMP) has formed a three-member investigation committee to probe the matter.Overall SituationThe assault on Nayeem Hasan has sparked deep concern and widespread condemnation from the Bangladesh Cricket Board (BCB), the cricketers' association, and various other stakeholders.",0
Bhai 75 love you,0
❤️‍🩹❤️‍🩹,0
জোয়ারি ভাই কেমন আছেন,0
বাংলাদেশে অনেক অলরাউন্ডার আসবে যাবে কিন্তু সাকিব আল হাসান একজনও আসবে না 😌কিং আল হাসান 👑 Shakib Al Hasan 🥀🇧🇩♥️,0
❤️‍🔥❤️‍🔥❤️‍🔥,0
আপনার ২৭ সালের ওডিআই বিশ্বকাপ এ খেলার সুযেগ করা উচিত 🥰,0
Rimon Khan Ho vai,0
Miss u Boss🇦🇷🇦🇷,0
♥️♥️♥️♥️,0
SHAKIB AL HASINA,0
"এই তোরা কি রে??? খেলা বুজোস চোর ডাকাত বরে গেছে সেটার জন্য কেও কিছু বলবে না, খেলাটাকে সেস করে দিছে এও দেশের মানুষ গুলা",0
এই দল টা আপনা'কে ছাড়া বড্ড ফাকা লাগে বস। ( Places  come beak)  😴🫶,0
Sakib is king 👑,0
এক Shakib Al Hasan দেশের বাহিরে লক্ষ্য সাকিব খেলার মাঠে ❤️🇧🇩,0
"সব সময় সর্বশ্রেষ্ঠ অলরাউন্ডার ইন দা ওয়ার্ল্ড Shakib Al Hasan যেখানেই থাকুন সুস্থ থাকুন আমাদেরকে ভালো ভালো খেলা উপহার দিন।পুরো পৃথিবীতে  যদি ৭০০ কোটি ফ্যান আপনার থাকে তার ভিতরে আমি ১ জন,পৃথিবীতে যদি একজন ফ্যান থাকে সেটাও আমি। দোয়া ও ভালোবাসা রইলো সবসময় আপনার জন্য ❤️🌹#Mr75",0
Bangladesh Time ???,0
leader✅,0
Old is gold,0
🏏🇧🇩❤️‍🩹❤️‍🩹,0
💝💟,0
প্রিয় সাকিব🇧🇩❤️,0
লা ভিউ সাক্কু ভাই 💔,0
All time king for Bangladesh 💯💯💯,0
👍👍,0
❤️‍🩹❤️‍🩹❤️‍🩹❤️‍🩹,0
বাংলাদেশের সর্বকালের সেরা অলরাউন্ডার সাকিব আল হাসানের জন্য শুভকামনা রইল 22 গজে আপনাকে দেখতে চাই আগের রূপে 75🇧🇩🇧🇩🇧🇩🥰♥️🥰,0
পাওয়ার অফ 75 যেখানে সবাই মেসি আর নেইমার ফ্যান সেখানে আমি এক সাকিব ফ্যান 💗,0
"চুক্তিটি শেষ করা খুব, খুব সহজ, কিন্তু এর জন্য আমাদের খরচ হবে $15,000৷ চুক্তি বাতিল করতে আপনি আপনার বাড়িতে কোথাও যাবেন না যখন চুক্তিটি শেষ করতে আমাকে সাহায্য করার সময় হয়। আমি আপনাকে বিশ্ব স্বাস্থ্য সংস্থার আফগানিস্তান অধ্যায়ের কন্ট্রোলার জেনারেলের যোগাযোগের ঠিকানা দেব তারপর আপনি তার ইমেল ঠিকানার মাধ্যমে তার সাথে যোগাযোগ করবেন এবং তিনি আপনাকে আমার বাগদত্তা হিসাবে পূরণ করার জন্য একটি ফর্ম দেবেন এইভাবে তারা আপনাকে জিজ্ঞাসা করবে কেন আপনি আমার চুক্তি বাতিল করতে চান, তারপর আপনি তাদের বলবেন যে আমরা দুজনেই বিয়ে করতে চাই। তারপর তারা আপনাকে আমার চুক্তি শেষ করতে 15,000 হাজার ডলার দিতে বলবে",0
Shakib,0
নাম্বার ওয়ান সাকিব,0
Sakib he is great  one number one cricketer in the world leaders.. 75 💝🇧🇩💐❤️he is Bengali king....,0
🥰❤️‍🔥,0
🥰🥰🥰🥰🥰🇧🇩🇧🇩,0
🤍🤍,0
Boss ❤️,0
Shakib Al Hasan SAH75 শুধু তোমার অপেক্ষায়,0
🌺,0
🖤🥀,0
Mas Allah vaiya,0
💥💥💥,0
I miss You 🥲,0
💖💟,0
বাংলাদেশের ক্রিকেট টিমের (৭৫)নাম্বার জার্সি গায়ে দেয়া মানুষটাকে মিস করতেছি🥹,0
Safa's Macrame Craft Following my craft page...,0
Shakib Al Hasan 💝,0
💝💝💝💝💝,0
"This mantra should be recited 786 times on the moon light night or dark night in the same manner. Then, at any time, recite it 3 times in one breath and blow 3 times with both palms together, then, clap 3 times in this way 3 times,,,, this mantra will destroy the hand of Dajjal. Mantra: (Bindi Ola Bindibu Sahamarad Poche Ahmmad Khao Sob Dajjaler eksto ek  mundra vasmo hoye  jao)You should do your deeds regularly, the world war will stop. I will reach my place, InshaAllah,,,. First apply this mantra and then do the other one I gave you. These black magic mantras,, and my miraculous power is different, those will not work for you.,,,, Dajjal will not find any way and will say I will repent. I want to get better.",0
আলহামদুলিল্লাহ,0
🥺🤍,0
জুয়ারি সাকিব,0
Ridumon,0
যে ‌‌।,0
বস তোমার খে দেখিনা অনেক দিন হলো🥲🥲মিস করি বস তোমাকে 🥲,0
❤️🥀❤️,0
Miss you bosss🇧🇩🫶,0
আসসালামু আলাইকুম প্রিয় ফেসবুক বন্ধুরা আমরা সবাই সবাকে লাইক কমেন্ট শেয়ার ফলো করে সহযোগিতা করি সকলেই সফল হবো ইনশাআল্লাহ ❤️💙,0
Our king 🔥,0
বাংলাদেশের প্রাণ Shakib Al Hasan 🇧🇩❤️,0
বাংলার নবাব আল হাসান SAH75 king,0
নিজেরে নিজে legend declare করলি নাকি পলাতক ফাঁসির আসামি Shakib Al Hasan !!!,0
SAH75👑🥰🇧🇩,0
75,0
রেকর্ড আল হাসান,0
Mr 75 💚🇧🇩🍀,0
সাকিব ভাই আসসালামু আলাইকুম কি অবস্থা কেমন আছেন একটা ভিসা দেওয়া যাবে আমেরিকার,0
❤️🇧🇩,0
🇧🇩❤️,0
Vai please reply,0
"ঠিক আছে ব্রোহ আপনে লিজেন্ড,, সুন্দর মজা করতে পারেব😮‍💨",0
❤️‍🩹,0
But would your Sharia Law permit this? :/,0
"If ""অস্ত্র জমা দিয়েছি, ট্রেনিং না"" had a face.Mahir khan🔥🔥🙏",0
Man!!He sounds exactly same what he used to be 14 years back!! ❤️,0
This guy changed the whole rock scene 🤘 Still carrying the vibe with the same energy 😌,0
the man the myth the MAK!,0
"ফলোয়ার হচ্ছে গাছের শেকড়,আর আমরা হচ্ছি তার তার ডালপালা যত কমেন্ট তত পরিচিতি আর যত রিপ্লাই কমেন্ট আর লাভ রিঅ্যাকশন দিবেন তত এনগেজমেন্ট আর ফলোয়ার পাবেন ❤️😥❤️😥❤️",0
Two of your friends were there. You shouldn't miss this event brother,0
One of my biggest regrets in the past decade!,0
"The Myth, the Legend, Maher Khan bhai! ♥️",0
শেষমেশ মাহের ভাই কামব্যাক দিছে 💜🔥,0
GOAT...💥,0
"শরীয়াহ আইন চাও,গান বাজনাও চাও। তুমি এত ডেলুলু কেন?",0
"Being born in 2006 i never watched him live. Back when I was 12–13, my brother used to show me Nemesis performances and that’s honestly how I started discovering band music. Maher  bhai became a huge part of that phase of my life, and through my brother, I somehow became a fan too.I’ve been a fan for all these years without ever getting to see him perform live, so seeing him back now feels insanely emotional and personal to me. God bless him.",0
"Those who missed the show, you guys missed an experience for a lifetime!!🤘yahhh.. the mak comeback 🤘",0
দেশে হামে শিশু মরে ধর্ষনে শিশু মরে আর শুয়রের বাচ্চারা আছে আনন্দে,0
Inspiration for 90's kids,0
লিজেন্ড মাহির খান কি দেখাইলো 💥🥺,0
শরিয়া আইনে গিটার বাজানো যাবে?,0
Goat 🙌,0
Love u maher bro ❤️❤️❤️❤️🤘,0
5 bar shunlam mone hoy,0
MD Gunjon Ahmed,0
🤘,0
I was there😥,0
শরীয়া আইনে কি গিটার বাজানো যাবে?,0
Hell yaaa🙄🤔,0
"That guitar solo, ei lok dekhi ekhono ager motoi bajaitese, kemne ki",0
এতদিন উনি কোথায় ছিলেন?,0
"Shariah be like: lashes for everyoneeeeeeee. you get 100, you get 100, everyone gets 100",0
Sharia aine guitar bajano jabe?,0
এগুলা শরিয়াহ বিরুধী,0
The event took when ?,0
OMG..Karee dekhlam eita..,0
পিও ভাইটি ভুলে গেচেন এগ্লা শরিয়ত বিরোধী😔,0
Kire tor na sharia lagbo?,0
Maher bhai🔥,0
It's okay. Don't cry. Focus on being an influencer.,0
The myth the legend Maher Khan 🥹,0
"স্টাইল + কমফোর্ট একসাথে চাইলে এই পাঞ্জাবিটা মাস্ট ট্রাই 💯লিমিটেড স্টক, শেষ হয়ে গেলে আবার পাবে কিনা সিওর না।  ডিটেইলস জানতে নক দাও NOOR#নূর #Panjabi #MensWear #BangladeshFashion",0
ᥫᩣ,0
Vai c**d*m bisheshoggo re niye kicu bolen 😌,0
"Today people are applauding him, but on the Day of Judgment no one will carry his sins for him. Allah says:‘And of the people is he who buys idle talk to mislead others from the way of Allah without knowledge… for them will be a humiliating punishment.’— Quran 31:6And Allah also says:‘Do not help one another in sin and transgression.’— Quran 5:2Instead of celebrating someone’s return to a doubtful or sinful path, a believer should pray for their guidance and steadfastness upon repentance.",0
@highlight শরীয়াপন্থী জান্নাতি কনসার্ট Salman Mohammad Muqtadir 🤣🤣🤣,0
পথভ্রষ্ট,0
"The song and also this part, same vibe..omg..koi chilo uni eto din!",0
"Hi- Im EggGPT, your Ai assistent. You cen ask me anithing. Thenk you!",0
🙌🏽,0
He is My Ustaad 🤍,0
নাইস পিক,0
Nice couple 😉,0
Salman Mohammad Muqtadir vai notification dekhe vabsi Rs Fahim Chowdhury er bepare kono post …opekhay achi apnar judgement er..😐,0
Congratulations bro💙,0
ভাই Rs fahim niye kiso 🙏,0
"সেই ভাই সেই, কিন্তুূ জুতা কই?",0
Looking cute together,0
কুলাঙ্গার,0
জুতা কই 🌚,0
আন্টির হাসির চেয়ে ভাইয়ের হাসি বেশি সুন্দর কেন 🤣,0
💕,0
কিউট কাপল,0
Love ❤️,0
"আপনি মহান ভাই, আপনি জিতছেন ভাই আপনি জিতছেন",0
Masallha sundor lagce,0
Hot Couple,0
বাংলাদেশের সেরা একটা জিনিস সালমান 🔥🔥,0
❤️💞,0
সিনেমার হিরোইনদের মতো,0
Ahh bro love you 🫶😌,0
Thikbe na thikbe na💔🥱,0
দিশা ভাবির Apex এর জুতা গুলো কই?,0
♥️♥️♥️♥️♥️♥️♥️♥️♥️♥️♥️♥️♥️♥️♥️♥️,0
খেতে মজা মুড়ি*******,0
🥰😍🤩,0
Bro ei Drum sound kemon dische?,0
সালমান মুক্তাদি ভাই এতো বুঝেও দুনিয়ার মায়ায় আসক্ত,0
ভালোই,0
এদের জুটিটা আমার ভাল লাগে,0
Sugar mommy 🫵😁,0
Salman Mohammad Muqtadir bro...It's really nasty and bad smell 🤭how can you suffer your life with her!! It’s a like Expired O waaak🤮🤮,0
Ask korlam...I hope you don't mind .......Vai.....vavi ki pregnant ?????,0
"Twinkle twinkle little star ,Muktadir vai have a big .......🤐",0
Thanks,0
buy one gate 3,0
স্টাইল ফরমাল + ক্যাজুয়াল,0
Kemon dey,0
বু ড়ি,0
Awww🥰🥰🥰,0
ডিস্কো লাইট  টা সুন্দর তো,0
বিউটিফুল,0
সুন্দর,0
আগুন পানি 😄,0
কড়া,0
কঠিন,0
Very nice,0
all money power,0
Chapri,0
Looking great togather 🙂,0
Nice couple,0
ভাই তোমার বউয়ের থেকে তুমি বেশি সুন্দর,0
Jongi,0
Is that a baby bump.....!?!!! Mash alllah....💜💜💜,0
Death is better than exposing your wife like that,0
আর ভালো হলি না,0
💜,0
Asa,0
🧡💥,0
বেশাবেশ্যা চুন্দর,0
Hero,0
Old is Gold,0
Her fitness!,0
🚩,0
গুরু কাচ্চি ডাইনে ভাবিকে ভরপেট খাইয়েছো নাকি।,0
Bai oitar Promotion koron nai?,0
ZA YN Bappi nope!!🙂,0
❤️ Salman + CIKNA Girl   2 love 🥰,0
Baby hoba mona hoi🙄🙄,0
সালমান এখনও একটা বাঁচ্চা নেই নাই৷ তার মানে???,0
Congratulations professor,0
Onek cute lagc apu &bhaiya,0
Vai vatiji gula koi 😊,0
Wonderful couple ever..💕,0
Nice 🙂,0
Ata ai,0
💟,0
Nice 👌,0
😃,0
♥️♥️,0
Bro new song kobe ber korba ??,0
Pregnant?🕊️,0
Upcoming Brownfish naki blackfish?,0
Finally you shaved that 'moch'.. finally!!!,0
I hope another good news waiting for uss 🫠🫶,0
Aj kal sobai dekhi mingle with out me 😒,0
মানিয়ে নিতে পারলে জীবন সুন্দর,0
10-Aug,0
"emon ekta mirror shot dirim,😭",0
Salman Mohammad MuqtadirI think you should make roasting videos. You’d be really good at it😂,0
ভাই তুমি বেস্ট ওয়ান একদম জায়গামতো ভইরা দিলা 😂,0
এই মুহুর্তে দরকার Salman Mohammad Muqtadir এর সরকার🫡😂,0
Thank you for not posting another endorsement video,0
"Logic to ache miya😂However, the best part was about the character 😂😑",0
Brownfish is always a red flag 🤏,0
Bro cooked without oilll!!,0
মজা পাইলাম সেরা বিনোদন 😂😂😂,0
Bro even roasted himself as well. 😂,0
Vai apni ekta jinis vai...sei level er hoisy..🫡🫡🫡,0
Ufff seii laglo video ta joss joss🤣🤣,0
Best vaiiii🤣🙌Funny way te Bangladesh er situation reveal kore felcho,0
দাঁড়ায় দলকে একটা স্যালুট দেন ! 😆,0
শু চরিত্রবান পুরুষ 🤣🤣🤣এই লাইনটা বেস্ট ছিল,0
জাস্ট কাঁপাই দিছো ভাই💥,0
"Nailed it bro,you can cook all League and parties😂",0
"Puro video dekhar age ektu serious hoicilam,pore mone porlo""areee eta to salman vai""🙂",0
অভিনয় লেভেল 🤣🔥,0
No Need Oil 😅 Bro On 🔥,0
Salman Mohammad Muqtadir Boss 🫡 এই মুহূর্তে দরকার মুক্তাদিরের সরকার😆 একটা দল কে ও বাদ দেয় নি 😂,0
মজার ছলে সত্ত উঠে এসেছে👍,0
"Salman Mohammad Muqtadir ঠিকই আছে ভাই, বাদ যাবে না একটি শিশু""ও 🤣🤧😂",0
সেরাটা ভইরা দিছেন সালমান ভাই 😆👍,0
Script টা কে লিখছে ভাই? পুরাই অস্থির।🤣🙂,0
Eto positive video dekhe bhabtesi eita ki trailer naki puro cinema?,0
Salman vai ekta jinish janar chilo.... Please ektu bolen na apni kon hair gel use koren???,0
my gosh ! this is real bravery. Controversy k jodi keu controversy dite pare tahole seta hocce salman vai.,0
Salman Mohammad Muqtadir ভাই আপনি তো দাদু সহ কোনো দলকেই বাদ দেন নাই..🤦‍♂️🤣🫡,0
Salman Mohammad Muqtadir bhai election e daray jan apnakei shobai vote dibe😂🙏,0
ভাগ্যিস ঘুমাই নাই ঘুমালে এই বিনোদন মিস করতাম😂,0
ভাই সাবধানে কসাইদের থেকে 🙂,0
কাউরেই বাদ রাখলেন না 🤣🤣,0
সেরা ভাই আফনে সেরা 🤣,0
"ভিডিও টা বোঝতে পারলে, নির্বাচনের আগে অনেক কিছু বোঝার আছে তোমার। 😊",0
দেশের সবচেয়ে চরিত্রবান পুরুষ 🥲🙄  সরি ভাই হাসি আটকাইতে পারি নাই।,0
তরুনরা রাজনীতি সচেতন হলে দেশ উন্নতির দিকে এগিয়ে যাবে। দারুন। 👌,0
"Salman kintu Jamater hye khub technically ,Bimpi re basta diye dilo sometimes i thinking about like ,Salman ki akhon jamater paid agent naki😇?",0
"Only Salman Mohammad Muqtadir can pull off stuffs like this. ""এই যে, এই মেয়েটা এটা ৭১ বিরোধি"" ""আমি আবার দলে ফিরে এসেছি"" 😭🙏",0
Salman Mohammad Muqtadir Bhaiya...Ami to by born Sarkar.Amr jonno kono post thakle nomination joma ditam...! 🖐️Rup e change kore dibo. Kintu kar seta niye desh er prosason er moto obosthan e achi.,0
Comedian should be like this!🤣U upload realistic content as always!R jy hok politician hoyo na! Otherwise directly honest Kotha Bolte giye life risk a porba!🥲,0
Salman Mohammad Muqtadir Bhai Script টা  পুরাই অস্থির 🤣,0
Salman Mohammad Muqtadir এমন ভিডিও বানানোর হ্যাডম ব্রো তোমারই আছে। Perfectly cooked.🤣,0
এটারে অপেক্ষায় ছিলাম😆,0
Bro cooked Bangladesh present situation without oil 🫡😂,0
ভাইরে ভাই হাসতে হাসতে শেষ আমি,0
"Salman চরিত্রবান"" best chilo vhai best 🥹🤣",0
এটা কি ছিল ভাই 🤣,0
bro literally hired ishraq mojumder to act,0
"উনি এই দেশের সবচাইতে সু চরিত্রবান পুরুষ,,,,এটা সেরা ছিল 🤣",0
ভাই সেই বলছেন🤣,0
"Asif, nahid, hasnat mine hole ase pashe🥹🤣🤣 last er dike podotag kothay jeno dekhechi egula",0
বাদ যাবে না একটি দলও। 😂,0
"Salman Mohammad Muqtadir vai.. দেশের সব পলিটিশিয়ানদের ভরে দিলেন,  মনে হলো 🤣🤣🤣great job, ❤️",0
what a xpose level 😄,0
ekta bar amader vote diye dekhen ... eta best chilo 😂,0
সেরা ভাই সেরা🤣,0
"এমনেও ঠাপানো যায়,না ঠাপায়া 😂The man,the myth 🗿",0
"At a time when much of the media appears to have sold its identity to those in power, this brave presentation stands out as truly commendable. Hats off to you Salman Mohammad Muqtadir",0
ভাই বাশঁ টা জায়গা মতো'ই দিলেন 😁,0
দলের প্রতিক মাছ?ব্রাউন মাছকে জাতীয় মাছের স্বীকৃতি দেওয়া হোক✊,0
ভাই এই ভাষণের জন্য আপনিই সেরা 😂,0
"আর যাই হোক,গানটা জোশ হইছে😆😆",0
I won't be surprised if this guy runs for some sorta elections by making these videos. 🥴,0
ভাই মাঠে আসবেন নাকি😊,0
দেশের ইনফ্লুয়েন্সারদের এমনই হওয়া উচিত।সকল কিছুর ন্যায় দেশের রাজনৈতিকদল ও রাজনৈতিক সমস্যা নিয়েও আলোচনা-সমালোচনা মূলক ভিডিও তৈরি করবে।,0
সব কিছু নিয়ে নাটক চলতেছে.....😂,0
"Bro, he himself got confused about চরিত্রবান পুরুষ dialogue 😂😂",0
বিনোদনের অন্তারালে সমাজের সঠিক দর্পন সাদৃশ্য হয়েছে,0
Bro you are genius 😅 we only can laugh at this never ending circle..that’s the only thing left!,0
Eita kono kotha bhai!Amne kew bash dei..? 😆,0
সেরা চরিত্রবান পুরুষের যে অংশ টা৷ যাক সুন্দর অনেক এই ধরণের Content বানাতে সাহস লাগে।,0
ভাই রে ভাই এর থেকে সেরা এই মূহুর্তে কিছু হইতেই পারে না 🙅🤣,0
Funny Way তে বাংলাদেশের চিত্র তুলে ধরলেন। বর্তমান প্রেক্ষাপটে গুরুত্বপূর্ণ। সুচরিত্রবান পুরুষ সালমাম মুক্তাদির 🌚,0
হাসতে হাসতে আমি শেষ 😂😂,0
ভাই এককথায় সেরাহ্!😂,0
বাশ তো দেখি সবাইরে এক সাথে দিয়া দিলেন ভাইসেরা ভাই সেরা🫡🫡🫡,0
সময়োপযোগী ভিডিও with great humour🤣🤣,0
সেরা হইছে ভাই 🤣,0
"বক্তৃতার মধ্যে হাসি গুলো সেই লাগছে , জোশ ছিল ভিডিও টা পরবর্তী কনটেন্ট চাই , উবায়দুল কাদেরের ভাষণ আর স্টেজ ভাঙ্গার । 😅🤓",0
সেরা হইছে bro🤣,0
সেরা 😂 I am তো speechless,0
Ei gulare bole content. Shera bhai shera 👌❤️👌,0
ভাই সেরা হইছে 🤣🤣🤣,0
সেরা। সব দলকে জবাব দেওয়া হয়ে গেছে। 😂,0
একদম on point.. 🤣 জোস্ 🫶,0
"This is a punch in the face of dirty politics, disguised as a funny roasting video. Brilliant, Bold, and Brave.",0
Bhai ekdom on point hoise sob kotha 😂 sei hoise bhai NCP r jamat k jeivabe roast krlo bhai moner moto video 🤣🤣🤣🤣🤣🔥🔥🔥,0
হাসতে হাসতে বইরা দিলেন ভাইয়ে সেরা 😅👑,0
মজা পাইছি ভাইয়ে,0
ওহ ভাই সেরাহ👌মন মতো কনটেন্ট 😂,0
"Everything was good until you hear ""Desher peyaj er dam ratarati bere gese"" then you realise It's peak!🗣️Massive respect bhai.",0
বস সেরা হইছে😆,0
"সেই হইছে ভাই , একদম মন মতো👌🏻🤣",0
Script ta valo chilo! 🤣,0
ভিডিও টা অস্থির হইসে😄 অনেক হাসলাম😆,0
হাসির ভিডিও হলেও অনেক কিছু শিক্ষনীয় ছিলো,0
Dhur miya apnar vedio samne ase Amar 1 ghonta haste haste ses holo🤦🏼‍♀️...,0
gok gok gok gok,0
Sounds good 🤝,0
Pls pookie English e caption diba na ami English bugina😔,0
Maturity level 1000/10￼🥰,0
ব্যক্তি সালমান মুক্তাদির যেমনই হোক।  তার এই কথাগুলো সময়  উপযোগী..,0
that's why I said Salman muqtadir is asset,0
Bro cooked her in a different way.,0
বাংলাদেশের ইয়াং জেনারেশন এর বন্ধু ভাই সালমান মুক্তাদী🤠😎⚡,0
🫡🫡,0
Vai thik kotha bola chara thakte pare na 🙂,0
Or kopal vala vahi akhon married 😎,0
this is why I love you!,0
Absolutely right brother 👍,0
Salman Mohammad Muqtadir   Vai is best,0
🧡,0
I love your opinion about law that's the thing we all want but the question is how ? Reality is totally opposite 👌🏻,0
He is an intelligent 🧠 Guy ✔️,0
ভাই একে কনডম দিয়েই চু** দেন।,0
@followers @highlight ❤️❤️❤️🔥🔥🔥🔥,0
সালমান গুরু 🫂,0
Well said!!!,0
দুষ্ট ছেলে এখন ভদ্র হয়ে গেছে 🥹🫶🏻,0
"Correct bro, great mindset",0
Love you brother,0
Clout chasing got debunked in an instant. The Maturity I was expecting. Well done 💐❤️,0
what a psychological power move bro. She became irrevalent here!  👊,0
My bro💝,0
Very positive mind nice 👍,0
Salman Mohammad Muqtadir ❤️❤️,0
♥️,0
Salman Mohammad Muqtadir great brother right❤️or kopal valo chilo je tmr 2sc er Kotha ta sune naii .sunle hoyto 14+14=28 gushti dhuyaaa hoiya jetooo 😂😂😂,0
😎,0
সালমানের upbringing ভালো আজকের ভিডিও দেখে বুঝলাম।,0
Maturity level 🤌,0
Ai sourerbacca tor comment abar funny o hoy,0
ফকিন্নির পুত,0
তোকে জ*বা*ই দেয়া হবে।‌ রেডি থাক। 🔪,0
ঠিক  কথা  বলেছেন  ভাই,0
"যার বাবাই ছিল না ঘরে তাকে জন্ম দিছে পরে,,কোথায় পতিতালয়ের মেয়ে আর কোথায় আপনি ভাই শিক্ষিত মানুষ।",0
Shoriya aiyn.mane tu bhujen na.... Tokhon dhorshon.er.bichar totally ekdom hobe na....4 jon shakki lagbe tarpor nay bichar pabe......,0
Bro u got d point we musnt forgot d main agenda or topics rather than nonsense immature shitd man grow up girl 🥱,0
"Din sheshe Kotha ektai, sensation kinar age, Salman Bhai er chehara ar hologram dekhe kinum 😏",0
তোর সেই ভিডিও লাললে নক দিস ভাই ড্রাইভ টা দিয়ে দেব,0
এই মেয়ের বাবাও ঠিক এমন ভাবেই কন্ডমের ব্যবহার বুঝেনি! যদি বুঝতেন তাহলে আজকে এই মাগির জন্ম হইত না।  কি বলেন Salman Mohammad Muqtadir  ভাই🫡,1
"There's no point in talking about these girls, just for attention, to come into the limelight by making all these nasty comments about trendy public figures.However, the response was harsh🔥",0
Love U salman,0
👏,0
"তুমিই আসল ইনফ্লোয়েন্সার ভাই।  একই ভিডিও তে লিবারেল, কনজার্ভেটিভ সবাইকে খুশি করার মতো জিনিস রেখে দিছো",0
Fuc*****  man this is the reason I like u,0
শরীয়াহ আইন পাছার মাঝে বেত দিয়ে বার বার বাদাম দিতে হবে৷,0
who cares???,0
1000,0
Salman Mohammad Muqtadir 🥰🫶,0
"শরীয়া আইনের সাথে সাথে যেই ফ্রিডম অব স্পিচ, চয়েস সেগুলাও যাবে সেটা নিয়ে তো আপনিও ভাবেন নাই",0
Pasra or sapra whoever it is..mainly she forgot j kare niye kotha boltese...  🫠🫠🫠 amar literally funny lagse beparta,0
Bro...mane moner kotha gula kivabe jee boila deayyy✊💚💚,0
দ,0
ছাপড়ি একটা....,0
Hope the basicness spread all over Bangladesh,0
Love you bro.❤️ You're the best.✨,0
OMG! This guy is way more matured. And I love matured people.,0
"maturity Ultra level,Ei parsha ektu famous hoiya boroder respect kore na,,maybe salman muqtadir vai chance dey nai tai etto rag,,",0
তাকে কেউ মেনশন দে👀,0
F you,0
আজকে ফজরের নামাজ পড়ছো? শরিয়া আইন হলে কিন্তু তোমর ব্যবসা শেষ। বুঝতে পারছো চান্দু। পরে আবার আন্দোলন করতে নাইম্মো না!!,0
Apnar Kotha bolar level ai alada Vai ♥️,0
Agree 💯💯💯,0
👏🏼👌🙏🏽,0
যৌবন জ্বালায় অতীষ্ঠ হয়ে ইডেন কলেজের ছাত্রলীগ সভানেত্রীর আত্মহত্যা।,1
👌❤️,0
"ভাই তুমিই পারবা,কিন্তু তোমাকে কেও পেরে উঠতে দেবে না।",0
Sumit Nath,0
Really appreciate ❤️ Strong mentality,0
Parsa apu maybe Condom* use kore na kokhono tai...,0
"Salman muktadir, you are a butcher of children...... Already 500 + children havebeen killed...yunush,  you and  yunush gangs..killed these Children....The Justice will be done one day for these killing....so Don't worry.....",0
"Soriya iyeen hole Salman Mohammad Muqtadir dhel mare mere felar list aa prothome thakbe 😂😂🤣I think he knows it better, Amra akhn j life style ar somaje asi sekhane soriya ayeen chaya ar age suicide korte hobe ,, karon amra jani amra kon obosthan aa sudhu sikar korte pari na kan jani abr boi khatay porsi issa thakle upay hoy😂🤣",0
Logic ase vai er kotha te ❤️,0
"You touch the main point👏,, really appreciated 🤍",0
I would cordially request you to make another post for Ramisa again after a few days please. We are already forgetting her as a nation.🥺,0
আপনাকে স্যালুট।,0
সেরা,0
"এইসব লাগালাগি বাদ দিয়ে।আইইএসএলটিএস এর মক টেস্ট লাগান ,বিদেশ জাইতে পারবেন",0
Hmm sobai main topic bad diye etai porto,0
"Really appreciate,  Strong mentality,that's why I like you bro💖",0
রাজনীতি ছাড়াও যে দেশের মানুষের জন্য কাজ করা যায় সেটা এখন বুঝলেন?🤣,0
অনেক দেরী করে বুঝলেন ভাই😅🖤,0
সাকিব্বাই আপনার এমন একটা পোস্টের অপেক্ষায় ছিলাম🥺আমরা আপনাকে লাল-সবুজের জার্সিতে দেখার জন্য মুখিয়ে আছি😅,0
"ধর্য্য ধারণ করুন বস, আমাদের রাজনীতিবিদ সাকিব এবং ক্রিকেটার সাকিব দু-জনের'ই দরকার",0
সাকিব জাতীয়দলে ফিরলে ফুটবলের মতো ক্রিকেটেও মানুষের আকর্ষণ বাড়বে👍🏼💥,0
ভাই আপনে নির্বাচনে সতন্ত্র দাড়াইলেও এই বাংলায় আপনারে হারানোর মতো দ্বিতীয় কেউ নাই।,0
"আপনি মস্তিষ্ক নয়, হৃদয়ে গেঁথে থাকা এক অনুভব; সাকিব আল হাসান!",0
"ক্রিকেট বদলাতে পারে, সময় বদলাতে পারে—কিন্তু সাকিবের প্রতি ভালোবাসা না 🥹🇧🇩",0
এই সোনার ছেলে আবার আসবে কবে দেশে এই সোনার ছেলে খেলবে দেশে দেখবে লাখো বাংলাদেশের মানুষ হাতে তালিতে গজরে উঠবে মোদের বাংলাদেশ,0
তারমানে বলতে চাচ্ছেন জয় বাংলা?জিতবে আবার নৌকা?,0
"রাজনীতি ছেড়ে ক্রিকেটে আসলে, ওয়েলকাম 👍",0
আমাদের রাজনীতিবিদ সাকিব এবং ক্রিকেটার সাকিব দু-জনের'ই দরকার 😎🛶,0
ক্রিকেটার ছাকিবাল হাসান আর রাজনীতিবিদ ছাকিবাল হাসান এক না 🫶🫶,1
ঠিক এইভাবে যদি ২৪ এর ৫ই আগস্ট জুলাই যোদ্ধাদের নিয়ে একটা ফেসবুক পোস্ট দিতেন.. হয়তো আজ আপনি দেশের হয়ে গোটা বিশ্বে বাংলাদেশকে রিপ্রেজেন্ট করতেন...,0
পুরো বিশ্বকে চ্যালেঞ্জ করলাম পারলে আপনারা আর একটা সাকিব আল হাসান তৈরি করে দেখান?,0
"রাজনীতি ব্যাতিরেখে জনগণের সেবা করতে পারবেন, যদি ইচ্ছেটা সৎ হয়।",0
"ভাই, তুই যদি জুলাই মাসে একটা পোস্ট দিতিস, তবে বাংলাদেশের মানুষ তোকে হিরো বানিয়ে রাখত!",0
রাজনীতি ত্যাগ করে খেলায় ফিরলে wellcome 🌸,0
"বর্তমানে,পার্টটাইম ক্রিকেটার,ফুলটাইম রাজনীতিবিদ",0
জবাব হোক ব্যাটে বলে,0
আসো তো আগে দেশে তারপর তো খেলা।তোমাকে জীবনের সবচেয়ে বড় খেলা উপহার দিবো তো আমরা আর পুরস্কার হিসেবে থাকবে গলায় বাটা সেনডেলের মালা।,0
আমরা কোন জুয়াড়ি সাকিব চাই না আমরা চাই ক্রিকেটার সাকিব😌,0
সাকিব ভাই অনেক সময় লেট করে এই বিষয় টা বুঝতে পারলেন যে রাজনীতি ছাড়াও একটি দেশের জন্য কাজ করা যায় 💔,0
গোটা ক্রিকেট বক্তরা তোমার লাল সবুজের জার্সিতে ফেরার অপেক্ষায় আছে বস 75🥰🖤,0
নিজ দেশে লাল সবুজের জার্সিতে একটা ইনিংস খেলে বিদায় প্রত্যাশা করি লিজেন্ড,0
ভুলটা শিকার করে নেন ভাই। তারপর আবার ক্রিকেটে ব্যাক করেন ☺️,0
ইচ্ছাটা খুবই সুন্দর কিন্তু অতীতের ভুলের অনুশোচনা থাকাটা খুবই জরুরী।,0
না বস!রাজনীতির মাধ্যমেই ফিরে আসতে পারবেন! আপা আসুক আপনি আর আপা এক সঙ্গে ব্যাট হাতে মাঠে নামবেন! ❤️,0
"আপনার ক্রিকেটে ফেরার চেয়ে, বাংলাদেশে ফেরা'টা বেশি জরুরী!",0
ক্রিকেটার সাকিব আর ব্যাক্তি সাকিব এক না! 😁,0
ঐটা ছিলো রাজনৈতিক সাকিবের বক্তব্য এটা ক্রিকেটার সাকিবের বক্তব্য,0
"সাকিব একদিন আসবে, হয় রাজনীতিবিদ হয়ে,নয়তো ক্রিকেটার হয়ে❤️👍",0
এই পোস্টের ভিউজ ১০ মিলিয়ন ছাড়িয়ে যাবে সম্ভবত। ব্যাট হাতে আবারও লাল সবুজের জার্সিতে মাঠ মাতাবেন এই প্রত্যাশা করছি।,0
"ক্রিকেটার সাকিব ভাই আর ব্যক্তি সাকিব ভাই এক না।যেমন ধরেন,ব্যক্তি সাকিব ভাইকে টুপকি মারলে খেলোয়াড় সাকিব ভাই ব্যাথা পাবে না।এটাই সাকিব ভাইয়ের পাওয়ার💪",0
কবি যা লিখেন তাই কবিতা আর সাকিব আল হাসান যা করেছেন তাই বাংলাদেশ ক্রিকেট....🤌🏻🙌🏻,0
"আমরা রাজনীতি এর সাকিব চাইনা,আমরা ক্রিকেটার সাকিব কে চাই ❤️",0
তিনি ফিরতে চান… আর সেই ফেরা মানেই নতুন ইতিহাস 💚,0
জ্বি ষাড় আমরা বুঝছি যে ব্যাক্তি সাকিপ আর ক্রিকেটার সাকিপ এক না 🥱,0
"আপনি ত দোয়ার প্রার্থী না, আপনি হচ্চেন নৌকার প্রার্থী,   আপনি আমাদের নৌকা মার্কার সূর্যসন্তান 🙄",0
"রাজনীতিতে কেনো ভাই?রাজনীতি ছাইড়া দিয়া শুধু মন দিয়া খেলায় থাকলেই বাংলাদেশের মানুষ আপনাকে বেশী ভালোবাসবে, কুনীতিতে না যাওয়ার আহ্বান রইলো ভাই🙏🙂",0
"সাকিব আল হাসান, মাশরাফি বিন মর্তুজা এরা দুই জন দেশের সম্পদ। রাজনীতিতে না আসলে  দলমত নির্বিশেষে আপনাদেরকে মানুষ  অলংকার বানিয়ে রাখত।",0
ক্রিকেট এর জন্য ফিরবে তুমি তোমার ব্যাট বলে ভর করে হাসবে বাংলাদেশের ক্রিকেট আবার নতুন করে ❤️‍🩹,0
"সর্বোচ্চ উজাড় করে খেলতে চাই,,  এই লাইনটা আপনার কোটি ভক্তের হৃদয়ে নাড়া দিয়েছে নবাব।🥺🥺আপনি ফিরবেন ইনশাআল্লাহ, আপনার প্রত্যাবর্তন বীরের মতোই হবে।",0
আমাদের রাজনীতিবি সাকিব এবং ক্রিকেটার সাকিব দু-জনের'ই দরকার,0
"বাংলাদেশের পোস্টার বয় তুমি ফিরবে, বীরের বেশেই ফিরবে, তোমাকে ফিরতেই হবে বাংলাদেশের ক্রিকেটের জন্য হলেও তোমাকে ফিরতে হবে..",0
"অবশ্যই আপনি আসবেন বস, আর রাজনীতির মাধ্যমেই...আপনার জন্য শুভকামনা,  আমার দেখা সবচেয়ে গাট ওয়ালা পাব্লিক আপনি।",0
"আপনি বাংলাদেশের প্রধানমন্ত্রী হোন সেটাই চাই, সাথে ক্রিকেটের রাজা ত আছেন'ই!আর সাথে আপারও নিয়ে দু’ইকেন, বাকিটা আমরা দেখতেছি। জুয়ারি সাকিব আর ক্রিকেটার সাকিব এক না, এইটা বাংলাদেশের জনগণ বুঝবে আশা করি।",0
"রাজনৈতিক ক্যারিয়ার ছেড়ে দিন, খেলোয়াড় সাকিবকে স্বাগতম।",0
বা যা লেখছে ভালোয় লেখছে মনে হয় 😆,0
"আপনাকে ফুলটাইম রাজনীতিতেই দেখতে চাই  কারন দেশের উন্নতি চাই, ক্রিকেট খেলে বাল ও হবে না 🤣",1
"ভালো সিদ্ধান্ত,,,, রাজনীতি থেকে পদত্যাগ করে ক্রিকেটে মনযোগী হউন। ক্রিকেট থেকে অবসরের পর রাজনীতিতে মনযোগী হবেন।এটাই বেস্ট।",0
তার আগে বলেন পোস্টটা কি ব্যক্তি সাকিব করেছে নাকি ক্রিকেটার সাকিব করেছে?,0
আপনি শুধু ২২ গজে দাড়িয়ে থাকবেন বাকিটা আমরা দেখতাছি 🇧🇩,0
Boss আপনি ব্যক্তি হিসাবে অনেক এর চুখে খারাপ।কিন্তু ক্রিকেটার হিসেবে আপনি ওয়ান অফ অনলি।বিশ্বের মধ্যেই একপিস,0
রাজনীতির হিসাব বাদ দেন। আপনাকে লাল সবুজের জার্সিতে দেখতে চাই।,0
মানুষ এখনও কেন বুঝে না। ক্রিকেটার সাকিব ভাই আর রাজনীতিবিদ সাকিব ভাই এক না। লাল সবুজের মাঝে ভাইকে আবার দেখতে চাই 😇,0
"সাকিব একদিন আসবেই, হয়তো ক্রিকেটার হিসেবে,নয়তো রাজনীতিবিদ  হিসেবে,এত এব সাকিব বাংলাদেশে ফিরবেই  ফিরবে।",0
"সর্বোচ্চ উজাড় করে খেলতে চাই,এই লাইন টা! ☺️❤️আপনি মাঠে যেমন নির্ভীক, কথাতেও তেমন স্পষ্ট।  শেষ সময়টুকু হোক গর্ব আর হাসিতে ভরা,বাংলার নবাব'🖤",0
সাথে জোয়ার একটা বিজ্ঞাপন পুরাই আগুন দেখাবে বস,0
"সঠিক সিদ্ধান্ত, বারো ঘাটের পানি খাওয়ার চাইতে এক ঘাটে খাওয়া ভালো",0
"ব্যাট না বৈঠা হাতে,  এছাড়া আর হয়তো খেলা হবে না",0
পোস্টটা কি ব্যক্তি সাকিব করেছে নাকি ক্রিকেটার সাকিব করেছে?🙂ব্যক্তিগত সাকিবের প্রতি অভিযোগ আছেকিন্তু ক্রিকেটার সাকিবের প্রতি অভিযোগ নাই।🙂,0
সাকিব্বাই আপনি যখন এই বাংলাদেশের মাটিতে পা রাখবেন তখন আপনার ভক্তরা ইতিহাস তৈরি করবে🥹 আমরা আপনাকে লাল-সবুজের জার্সিতে দেখার জন্য মুখিয়ে আছি😅,0
ক্রিকেটার সাকিবের প্রতি অভিযোগ নাই।জবাব হোক ব্যাটে বলে,0
"রাজনীতিবিদ সাকিব চাইনা, আমরা চাই ক্রিকেটার সাকিব হয়ে দেশে ফিরো!",0
"ব্যক্তি সাকিব, রাজনৈতিক সাকিব, ব্যবসায়ী সাকিব, জুয়াড়ি সাকিব এক না, এইটা খেলোয়াড় সাকিব বলেছে Also  রাজনৈতিক সাকিবও বলেছে!🙂",0
জবাব হবে ব্যাটে বলে Mr .‌ all rounder 75,0
ইচ্ছাটা ভালো কিন্তু অতীতের ভুলের অনুশোচনা থাকাটাও খুবই জরুরি!,0
খেলোয়াড় সাকিব আর ব্যক্তি সাকিব এক নয়..  দুইজন দুই গ্রহের..  একবার এক সাকিব সাক্ষাৎকার দেয়.. যেমন আগের টা দিছে BAL এর সাকিব,0
ক্রিকেটার সাকিবের প্রতি অভিযোগ নাই।জবাব হোক ব্যাটে বলে🏏,0
একটা সময় ছিল আপনার ব্যাট হাসলেই হাসত 🇧🇩,0
বিশ্বের নাম্বার ওয়ান প্লেয়ার নিজ দেশের হয়ে খেলতে চায়। 😓হাইরে রাজনীতি।   😓দেশের হয়ে খেলবে। আমি আছি তোমার পাশে। এরকম কোটি কোটি আমি আছে তোমার পাশে।,0
"সাকিব দেশের হয়ে আবার ক্রিকেটও খেলবেন, আওয়ামীলীগের হয়ে আবার রাজনীতিও করবেন। মিলিয়ে দেইখেন ❤️",0
কৌশল টা কিন্তু দারুন 🙂,0
"সাকিব ভাই আসলে আমরা সিরিজ জিতবো। এই খবর আপা ফোন করে পাপন কাকুর থেকে শুনবে। তাই আপনি একা আসিয়েন না আপা,আরও কাকুকেই নিয়ে আসিয়েন পিলিজ।",0
মিয়া তোমার এই একটু ক্যাপশনে আত্মাই শান্তি লাগছে কিন্তু তাতে পোষায় না তোমারে মিরপুরে লাল সবুজ জার্সি পরে খেলতে দেখলে হয়তো পোষাইতো 🫠❤️‍🩹,0
যেটা লাউ সেটাই কদু।। একটা সরাসরি আর একটা ব্যাকরনের ভাষা অর্থ একই,0
"আপনি মস্তিষ্কে নয়, হৃদয়ে গেঁথে থাকা এক অনুভব, তবে সেটা ক্রিকেটার সাকিব আল হাসান, কোন রাজনৈতিক সাকিব আল হাসান নয়",0
এক তেল তামিমকে সাইজ করার জন্য একজন সাকিবই যথেষ্ট।,0
"জীবনও একটা রাস্তা ও একটা ধরেন। দুই রাস্তায় হাটিয়া কিতা করতায় , বুঝলে বুঝ পাতা না বুঝলে তেজপাত 😇😇",0
"ছ্যারারা এখন মেয়র পদপ্রার্থী,  চৌকিদার পদপ্রার্থী। আপনি ক্রিকেটের নবাব। ফিরে আসেন।",0
যদি ক্রিকেটার কোন সৌন্দর্য থেকে থাকে সেটা সাকিবকে ছাড়া অসুন্দর,0
ক্রকেটের মত রাজনীতিতেও আপনি বিশ্বসেরা অলরাউন্ডার হয়ে যান।,0
"নবাবী পোস্ট, যদি বলি ক্রিকেটের কথা তুমি সেরাদের সেরা!",0
গোটা ক্রিকেট বক্তরা তোমার লাল সবুজের জার্সিতে ফেরার অপেক্ষায় আছে বস 75,0
"কবি যা লিখে তাই কবিতা,সাকিব যা দিয়েছে তাই বাংলাদেশের ক্রিকেট🥰",0
ভাইয়া আপনি যখন খেলতেন তখনও হারতামআর এখন খেলেন না যে তাও হারি।আপনি না আসলেও চলবে ভাইয়া❤️,0
সাকিব কিন্তু ভাইরাল হওয়া কথা প্রসঙ্গে কিছুই বলে নাই।এইটাই বোধহয় সায়েন্স😊,0
